׃נמגום (הוסעו לל);־בתול, כ
0;0
5;2
10;3
15;4
20;5
25;6
30;8
35;10
40;11
45;13
50;14
55;15
60;16
65;17
70;19
75;21
80;22
85;23
90;24
95;25
100;27
105;29
110;30
115;31
120;32
125;33
130;35
135;37
140;38
145;40
150;41
155;42
160;43
165;44
170;46
175;48
180;49
185;50
190;51
195;52
200;54
205;56
210;57
215;59
220;60
225;61
230;62
235;63
240;65
245;67
250;68
255;70
260;71
265;73
270;74
275;75
280;76
285;77
290;79
295;81
300;82
305;84
310;85
315;86
320;87
325;88
330;90
335;92
340;93
345;95
350;96
355;97
360;98
365;99
370;101
375;103
380;104
385;105
390;106
395;107
400;109
405;111
410;112
415;113
420;114
425;115
430;117
435;119
440;120
445;122
450;123
455;124
460;125
465;126
470;128
475;130
480;131
485;132
490;133
495;134
500;136
505;138
510;141
515;143
520;145
525;148
530;150
535;152
540;154
545;157
550;159
555;161
560;163
565;166
570;168
575;170
580;172
585;175
590;177
595;179
600;181
605;184
610;186
615;188
620;190
625;193
630;195
635;197
640;199
645;201
650;204
655;207
660;209
665;211
670;213
675;216
680;218
685;220
690;222
695;224
700;227
705;229
710;232
715;235
720;238
725;241
730;243
735;245
740;248
745;251
750;254
755;257
760;259
765;262
770;264
775;266
780;269
785;272
790;275
795;278
800;280
805;283
810;286
815;289
820;291
825;294
830;297
835;300
840;302
845;305
850;308
855;311
860;313
865;316
870;319
875;322
880;324
885;327
890;330
895;333
900;335
905;338
910;341
915;344
920;347
925;350
930;353
935;356
940;359
945;362
950;365
955;368
960;370
965;373
970;376
975;379
980;382
985;385
990;388
995;391
1000;394
1005;397
1010;400
1015;403
1020;406
1025;409
1030;412
1035;415
1040;418
1045;421
1050;424
1055;427
1060;430
1065;433
1070;436
1075;439
1080;442
1085;445
1090;448
1095;451
1100;454
1105;457
1110;460
1115;463
1120;466
1125;470
1130;473
1135;476
1140;479
1145;482
1150;485
1155;488
1160;491
1165;494
1170;497
1175;501
1180;504
1185;507
1190;510
1195;513
1200;516
1205;520
1210;523
1215;526
1220;529
1225;533
1230;536
1235;539
1240;542
1245;546
1250;549
1255;552
1260;555
1265;559
1270;562
1275;565
1280;568
1285;572
1290;575
1295;578
1300;581
1305;585
1310;588
1315;591
1320;594
1325;597
1330;601
1335;605
1340;608
1345;612
1350;615
1355;618
1360;621
1365;624
1370;628
1375;632
1380;635
1385;638
1390;641
1395;644
1400;648
1405;652
1410;655
1415;658
1420;661
1425;665
1430;668
1435;671
1440;674
1445;677
1450;681
1455;685
1460;688
1465;691
1470;694
1475;698
1480;701
1485;704
1490;707
1495;710
1500;714
1505;718
1510;721
1515;725
1520;728
1525;732
1530;735
1535;739
1540;742
1545;746
1550;749
1555;753
1560;756
1565;760
1570;763
1575;767
1580;770
1585;774
1590;777
1595;781
1600;784
1605;787
1610;791
1615;795
1620;799
1625;803
1630;806
1635;810
1640;814
1645;818
1650;821
1655;824
1660;828
1665;832
1670;836
1675;840
1680;843
1685;847
1690;851
1695;855
1700;858
1705;862
1710;866
1715;870
1720;874
1725;878
1730;882
1735;886
1740;890
1745;894
1750;898
1755;902
1760;906
1765;910
1770;914
1775;918
1780;922
1785;926
1790;930
1795;934
1800;938
1805;942
1810;946
1815;950
1820;954
1825;958
1830;962
1835;966
1840;970
1845;974
1850;978
1855;982
1860;985
1865;989
1870;993
1875;997
1880;1001
1885;1005
1890;1009
1895;1013
1900;1017
1905;1021
1910;1025
1915;1030
1920;1034
1925;1038
1930;1042
1935;1046
1940;1050
1945;1055
1950;1059
1955;1063
1960;1067
1965;1071
1970;1075
1975;1079
1980;1083
1985;1088
1990;1092
1995;1096
2000;1100
2005;1104
2010;1108
2015;1113
2020;1117
2025;1121
2030;1125
2035;1129
2040;1133
2045;1138
2050;1142
2055;1146
2060;1150
2065;1154
2070;1158
2075;1162
2080;1166
2085;1171
2090;1175
2095;1179
2100;1183
2105;1187
2110;1191
2115;1196
2120;1200
2125;1204
2130;1208
2135;1213
2140;1217
2145;1221
2150;1225
2155;1229
2160;1233
2165;1238
2170;1242
2175;1246
2180;1250
2185;1255
2190;1259
2195;1263
2200;1267
2205;1272
2210;1276
2215;1280
2220;1284
2225;1288
2230;1293
2235;1298
2240;1302
2245;1307
2250;1311
2255;1315
2260;1319
2265;1323
2270;1328
2275;1333
2280;1337
2285;1341
2290;1345
2295;1349
2300;1354
2305;1359
2310;1363
2315;1367
2320;1371
2325;1375
2330;1380
2335;1385
2340;1389
2345;1394
2350;1398
2355;1402
2360;1406
2365;1410
2370;1415
2375;1420
2380;1424
2385;1428
2390;1432
2395;1436
2400;1441
2405;1446
2410;1450
2415;1455
2420;1459
2425;1464
2430;1468
2435;1472
2440;1477
2445;1482
2450;1487
2455;1492
2460;1496
2465;1501
2470;1505
2475;1510
2480;1514
2485;1519
2490;1523
2495;1528
2500;1532
2505;1537
2510;1541
2515;1546
2520;1550
2525;1555
2530;1559
2535;1564
2540;1568
2545;1573
2550;1577
2555;1582
2560;1586
2565;1591
2570;1595
2575;1600
2580;1604
2585;1609
2590;1613
2595;1617
2600;1622
2605;1627
2610;1632
2615;1637
2620;1641
2625;1646
2630;1651
2635;1656
2640;1660
2645;1665
2650;1670
2655;1675
2660;1679
2665;1684
2670;1689
2675;1694
2680;1698
2685;1703
2690;1708
2695;1713
2700;1717
2705;1722
2710;1727
2715;1732
2720;1736
2725;1741
2730;1746
2735;1751
2740;1755
2745;1760
2750;1765
2755;1770
2760;1774
2765;1779
2770;1784
2775;1789
2780;1793
2785;1798
2790;1803
2795;1808
2800;1812
2805;1817
2810;1822
2815;1827
2820;1832
2825;1837
2830;1842
2835;1847
2840;1852
2845;1857
2850;1862
2855;1867
2860;1871
2865;1876
2870;1881
2875;1886
2880;1891
2885;1896
2890;1901
2895;1906
2900;1911
2905;1916
2910;1921
2915;1926
2920;1931
2925;1936
2930;1941
2935;1946
2940;1951
2945;1956
2950;1961
2955;1966
2960;1970
2965;1975
2970;1980
2975;1985
2980;1990
2985;1995
2990;2000
2995;2005
3000;2010
3005;2015
3010;2020
3015;2025
3020;2030
3025;2035
3030;2040
3035;2045
3040;2050
3045;2055
3050;2060
3055;2065
3060;2070
3065;2075
3070;2080
3075;2085
3080;2090
3085;2095
3090;2100
3095;2105
3100;2110
3105;2115
3110;2120
3115;2125
3120;2130
3125;2135
3130;2140
3135;2145
3140;2150
3145;2155
3150;2160
3155;2165
3160;2170
3165;2175
3170;2180
3175;2185
3180;2190
3185;2195
3190;2200
3195;2205
3200;2210
3205;2215
3210;2220
3215;2226
3220;2231
3225;2236
3230;2241
3235;2247
3240;2252
3245;2257
3250;2262
3255;2267
3260;2272
3265;2278
3270;2283
3275;2288
3280;2293
3285;2299
3290;2304
3295;2309
3300;2314
3305;2320
3310;2325
3315;2330
3320;2335
3325;2341
3330;2346
3335;2351
3340;2356
3345;2362
3350;2367
3355;2372
3360;2377
3365;2383
3370;2388
3375;2393
3380;2398
3385;2404
3390;2409
3395;2414
3400;2419
3405;2425
3410;2430
3415;2435
3420;2440
3425;2446
3430;2451
3435;2456
3440;2461
3445;2467
3450;2472
3455;2477
3460;2482
3465;2488
3470;2493
3475;2498
3480;2503
3485;2509
3490;2514
3495;2519
3500;2524
3505;2530
3510;2535
3515;2540
3520;2545
3525;2551
3530;2556
3535;2561
3540;2566
3545;2572
3550;2577
3555;2582
3560;2587
3565;2593
3570;2598
3575;2603
3580;2608
3585;2614
3590;2619
3595;2624
3600;2629
3605;2634
3610;2639
3615;2645
3620;2650
3625;2655
3630;2660
3635;2666
3640;2671
3645;2676
3650;2681
3655;2686
3660;2691
3665;2697
3670;2702
3675;2707
3680;2712
3685;2718
3690;2723
3695;2728
3700;2733
3705;2739
3710;2744
3715;2749
3720;2754
3725;2760
3730;2765
3735;2770
3740;2775
3745;2781
3750;2786
3755;2791
3760;2796
3765;2802
3770;2807
3775;2812
3780;2817
3785;2823
3790;2828
3795;2833
3800;2838
3805;2844
3810;2849
3815;2854
3820;2859
3825;2865
3830;2870
3835;2875
3840;2880
3845;2886
3850;2891
3855;2896
3860;2901
3865;2907
3870;2912
3875;2917
3880;2922
3885;2928
3890;2933
3895;2938
3900;2943
3905;2949
3910;2954
3915;2959
3920;2964
3925;2969
3930;2975
3935;2981
3940;2986
3945;2992
3950;2997
3955;3002
3960;3007
3965;3012
3970;3018
3975;3024
3980;3029
3985;3034
3990;3039
3995;3044
4000;3050
4005;3055
4010;3061
4015;3067
4020;3073
4025;3079
4030;3084
4035;3090
4040;3096
4045;3102
4050;3107
4055;3112
4060;3118
4065;3124
4070;3130
4075;3136
4080;3141
4085;3147
4090;3153
4095;3159
4100;3164
4105;3169
4110;3175
4115;3181
4120;3187
4125;3193
4130;3198
4135;3204
4140;3210
4145;3216
4150;3221
4155;3226
4160;3232
4165;3238
4170;3244
4175;3250
4180;3255
4185;3261
4190;3267
4195;3273
4200;3278
4205;3283
4210;3289
4215;3295
4220;3301
4225;3307
4230;3312
4235;3318
4240;3324
4245;3330
4250;3335
4255;3340
4260;3346
4265;3352
4270;3358
4275;3364
4280;3369
4285;3375
4290;3381
4295;3387
4300;3392
4305;3398
4310;3404
4315;3410
4320;3415
4325;3421
4330;3427
4335;3433
4340;3438
4345;3444
4350;3450
4355;3456
4360;3462
4365;3468
4370;3473
4375;3479
4380;3485
4385;3491
4390;3496
4395;3502
4400;3508
4405;3514
4410;3520
4415;3526
4420;3532
4425;3538
4430;3543
4435;3549
4440;3555
4445;3561
4450;3567
4455;3573
4460;3579
4465;3585
4470;3591
4475;3597
4480;3602
4485;3608
4490;3614
4495;3620
4500;3626
4505;3632
4510;3638
4515;3644
4520;3649
4525;3655
4530;3661
4535;3667
4540;3673
4545;3679
4550;3685
4555;3691
4560;3696
4565;3702
4570;3708
4575;3714
4580;3720
4585;3726
4590;3731
4595;3737
4600;3743
4605;3749
4610;3755
4615;3761
4620;3767
4625;3773
4630;3778
4635;3784
4640;3790
4645;3796
4650;3802
4655;3808
4660;3814
4665;3820
4670;3826
4675;3832
4680;3837
4685;3843
4690;3849
4695;3855
4700;3861
4705;3867
4710;3873
4715;3879
4720;3885
4725;3891
4730;3897
4735;3903
4740;3909
4745;3916
4750;3922
4755;3928
4760;3934
4765;3940
4770;3946
4775;3952
4780;3958
4785;3964
4790;3970
4795;3976
4800;3982
4805;3988
4810;3994
4815;4000
4820;4006
4825;4012
4830;4018
4835;4024
4840;4030
4845;4037
4850;4043
4855;4049
4860;4055
4865;4061
4870;4067
4875;4073
4880;4079
4885;4085
4890;4091
4895;4097
4900;4103
4905;4109
4910;4115
4915;4121
4920;4127
4925;4133
4930;4139
4935;4145
4940;4151
4945;4158
4950;4164
4955;4170
4960;4176
4965;4182
4970;4188
4975;4194
4980;4200
4985;4206
4990;4212
4995;4218
5000;4224
5005;4230
5010;4236
5015;4243
5020;4249
5025;4255
5030;4261
5035;4268
5040;4274
5045;4280
5050;4286
5055;4292
5060;4298
5065;4305
5070;4311
5075;4317
5080;4323
5085;4330
5090;4336
5095;4342
5100;4348
5105;4355
5110;4361
5115;4367
5120;4373
5125;4380
5130;4386
5135;4392
5140;4398
5145;4405
5150;4411
5155;4417
5160;4423
5165;4430
5170;4436
5175;4442
5180;4448
5185;4455
5190;4461
5195;4467
5200;4473
5205;4480
5210;4486
5215;4492
5220;4498
5225;4505
5230;4511
5235;4517
5240;4523
5245;4530
5250;4536
5255;4542
5260;4548
5265;4555
5270;4561
5275;4567
5280;4573
5285;4580
5290;4586
5295;4592
5300;4598
5305;4605
5310;4611
5315;4617
5320;4623
5325;4629
5330;4636
5335;4643
5340;4649
5345;4656
5350;4662
5355;4668
5360;4674
5365;4680
5370;4687
5375;4694
5380;4700
5385;4706
5390;4712
5395;4718
5400;4725
5405;4732
5410;4738
5415;4745
5420;4751
5425;4758
5430;4764
5435;4771
5440;4777
5445;4784
5450;4790
5455;4796
5460;4802
5465;4808
5470;4815
5475;4822
5480;4828
5485;4835
5490;4841
5495;4848
5500;4854
5505;4861
5510;4867
5515;4874
5520;4880
5525;4887
5530;4893
5535;4900
5540;4906
5545;4913
5550;4919
5555;4925
5560;4931
5565;4937
5570;4944
5575;4951
5580;4957
5585;4964
5590;4970
5595;4977
5600;4983
5605;4990
5610;4996
5615;5003
5620;5009
5625;5015
5630;5021
5635;5027
5640;5034
5645;5041
5650;5047
5655;5054
5660;5060
5665;5067
5670;5073
5675;5079
5680;5085
5685;5091
5690;5098
5695;5105
5700;5111
5705;5118
5710;5124
5715;5131
5720;5137
5725;5144
5730;5150
5735;5157
5740;5163
5745;5170
5750;5176
5755;5182
5760;5188
5765;5194
5770;5201
5775;5208
5780;5214
5785;5221
5790;5227
5795;5234
5800;5240
5805;5247
5810;5253
5815;5260
5820;5266
5825;5273
5830;5279
5835;5286
5840;5292
5845;5299
5850;5305
5855;5311
5860;5317
5865;5323
5870;5330
5875;5337
5880;5343
5885;5350
5890;5356
5895;5363
5900;5369
5905;5376
5910;5382
5915;5389
5920;5395
5925;5402
5930;5408
5935;5414
5940;5421
5945;5428
5950;5435
5955;5442
5960;5448
5965;5455
5970;5461
5975;5468
5980;5474
5985;5481
5990;5487
5995;5494
6000;5500
6005;5506
6010;5513
6015;5520
6020;5527
6025;5534
6030;5540
6035;5546
6040;5553
6045;5560
6050;5567
6055;5574
6060;5580
6065;5587
6070;5593
6075;5599
6080;5606
6085;5613
6090;5620
6095;5627
6100;5633
6105;5639
6110;5646
6115;5653
6120;5660
6125;5667
6130;5673
6135;5679
6140;5686
6145;5693
6150;5700
6155;5707
6160;5713
6165;5720
6170;5726
6175;5732
6180;5739
6185;5746
6190;5753
6195;5760
6200;5766
6205;5772
6210;5779
6215;5786
6220;5793
6225;5800
6230;5806
6235;5812
6240;5819
6245;5826
6250;5833
6255;5840
6260;5846
6265;5853
6270;5859
6275;5865
6280;5872
6285;5879
6290;5886
6295;5893
6300;5899
6305;5905
6310;5912
6315;5919
6320;5926
6325;5933
6330;5939
6335;5945
6340;5952
6345;5959
6350;5966
6355;5973
6360;5979
6365;5986
6370;5992
6375;5998
6380;6005
6385;6012
6390;6019
6395;6026
6400;6032
6405;6038
6410;6045
6415;6052
6420;6059
6425;6066
6430;6072
6435;6078
6440;6085
6445;6092
6450;6099
6455;6106
6460;6112
6465;6119
6470;6125
6475;6131
6480;6138
6485;6145
6490;6152
6495;6159
6500;6165
6505;6171
6510;6178
6515;6185
6520;6192
6525;6199
6530;6205
6535;6212
6540;6219
6545;6226
6550;6232
6555;6238
6560;6245
6565;6252
6570;6259
6575;6266
6580;6272
6585;6279
6590;6286
6595;6293
6600;6299
6605;6306
6610;6313
6615;6320
6620;6326
6625;6333
6630;6340
6635;6347
6640;6353
6645;6360
6650;6367
6655;6374
6660;6380
6665;6387
6670;6394
6675;6401
6680;6407
6685;6414
6690;6421
6695;6428
6700;6434
6705;6441
6710;6448
6715;6455
6720;6461
6725;6468
6730;6475
6735;6482
6740;6488
6745;6495
6750;6502
6755;6509
6760;6515
6765;6522
6770;6529
6775;6536
6780;6542
6785;6549
6790;6556
6795;6563
6800;6569
6805;6576
6810;6583
6815;6590
6820;6596
6825;6603
6830;6610
6835;6617
6840;6623
6845;6630
6850;6637
6855;6644
6860;6650
6865;6657
6870;6664
6875;6671
6880;6677
6885;6684
6890;6691
6895;6698
6900;6704
6905;6711
6910;6718
6915;6725
6920;6731
6925;6738
6930;6745
6935;6752
6940;6758
6945;6765
6950;6772
6955;6779
6960;6786
6965;6793
6970;6799
6975;6806
6980;6813
6985;6820
6990;6826
6995;6833
7000;6840
7005;6847
7010;6854
7015;6861
7020;6867
7025;6874
7030;6881
7035;6888
7040;6894
7045;6901
7050;6908
7055;6915
7060;6921
7065;6928
7070;6935
7075;6942
7080;6948
7085;6955
7090;6962
7095;6969
7100;6975
7105;6982
7110;6989
7115;6996
7120;7003
7125;7010
7130;7016
7135;7023
7140;7030
7145;7037
7150;7044
7155;7051
7160;7058
7165;7065
7170;7072
7175;7079
7180;7085
7185;7092
7190;7099
7195;7106
7200;7113
7205;7120
7210;7127
7215;7134
7220;7141
7225;7148
7230;7155
7235;7162
7240;7169
7245;7176
7250;7183
7255;7190
7260;7197
7265;7204
7270;7211
7275;7218
7280;7225
7285;7232
7290;7239
7295;7246
7300;7253
7305;7260
7310;7267
7315;7274
7320;7281
7325;7288
7330;7295
7335;7302
7340;7309
7345;7316
7350;7323
7355;7330
7360;7337
7365;7344
7370;7351
7375;7358
7380;7365
7385;7372
7390;7379
7395;7386
7400;7393
7405;7400
7410;7407
7415;7414
7420;7421
7425;7428
7430;7435
7435;7442
7440;7449
7445;7456
7450;7463
7455;7470
7460;7477
7465;7484
7470;7491
7475;7498
7480;7505
7485;7512
7490;7519
7495;7526
7500;7533
7505;7540
7510;7547
7515;7554
7520;7561
7525;7568
7530;7575
7535;7582
7540;7589
7545;7596
7550;7603
7555;7610
7560;7617
7565;7624
7570;7631
7575;7638
7580;7645
7585;7652
7590;7659
7595;7666
7600;7673
7605;7680
7610;7687
7615;7694
7620;7701
7625;7708
7630;7715
7635;7722
7640;7729
7645;7736
7650;7743
7655;7750
7660;7757
7665;7764
7670;7771
7675;7778
7680;7785
7685;7792
7690;7799
7695;7806
7700;7813
7705;7821
7710;7828
7715;7835
7720;7842
7725;7850
7730;7857
7735;7864
7740;7871
7745;7879
7750;7886
7755;7893
7760;7900
7765;7908
7770;7915
7775;7922
7780;7929
7785;7937
7790;7944
7795;7951
7800;7958
7805;7966
7810;7973
7815;7980
7820;7987
7825;7995
7830;8002
7835;8009
7840;8016
7845;8024
7850;8031
7855;8038
7860;8045
7865;8053
7870;8060
7875;8067
7880;8074
7885;8082
7890;8089
7895;8096
7900;8103
7905;8111
7910;8118
7915;8125
7920;8132
7925;8140
7930;8147
7935;8154
7940;8161
7945;8169
7950;8176
7955;8183
7960;8190
7965;8198
7970;8205
7975;8212
7980;8219
7985;8227
7990;8234
7995;8241
8000;8248
8005;8256
8010;8263
8015;8270
8020;8277
8025;8285
8030;8292
8035;8299
8040;8306
8045;8314
8050;8321
8055;8328
8060;8335
8065;8343
8070;8350
8075;8357
8080;8364
8085;8372
8090;8379
8095;8386
8100;8393
8105;8401
8110;8408
8115;8415
8120;8422
8125;8430
8130;8437
8135;8444
8140;8451
8145;8459
8150;8466
8155;8473
8160;8480
8165;8488
8170;8495
8175;8502
8180;8509
8185;8517
8190;8524
8195;8531
8200;8538
8205;8546
8210;8553
8215;8560
8220;8567
8225;8575
8230;8582
8235;8589
8240;8596
8245;8603
8250;8611
8255;8619
8260;8626
8265;8633
8270;8640
8275;8648
8280;8655
8285;8662
8290;8669
8295;8676
8300;8684
8305;8692
8310;8699
8315;8707
8320;8714
8325;8721
8330;8728
8335;8735
8340;8743
8345;8751
8350;8758
8355;8766
8360;8773
8365;8781
8370;8788
8375;8795
8380;8802
8385;8809
8390;8817
8395;8825
8400;8832
8405;8840
8410;8847
8415;8855
8420;8862
8425;8869
8430;8876
8435;8883
8440;8891
8445;8899
8450;8906
8455;8914
8460;8921
8465;8929
8470;8936
8475;8943
8480;8950
8485;8957
8490;8965
8495;8973
8500;8980
8505;8988
8510;8995
8515;9002
8520;9009
8525;9016
8530;9024
8535;9032
8540;9039
8545;9047
8550;9054
8555;9061
8560;9068
8565;9075
8570;9083
8575;9091
8580;9098
8585;9105
8590;9112
8595;9119
8600;9127
8605;9135
8610;9142
8615;9150
8620;9157
8625;9164
8630;9171
8635;9178
8640;9186
8645;9194
8650;9201
8655;9209
8660;9216
8665;9224
8670;9231
8675;9238
8680;9245
8685;9252
8690;9260
8695;9268
8700;9275
8705;9283
8710;9290
8715;9298
8720;9305
8725;9312
8730;9319
8735;9326
8740;9334
8745;9342
8750;9349
8755;9357
8760;9364
8765;9372
8770;9379
8775;9386
8780;9393
8785;9400
8790;9408
8795;9416
8800;9423
8805;9431
8810;9438
8815;9446
8820;9453
8825;9461
8830;9468
8835;9475
8840;9483
8845;9491
8850;9499
8855;9507
8860;9514
8865;9522
8870;9529
8875;9537
8880;9544
8885;9552
8890;9559
8895;9567
8900;9574
8905;9582
8910;9589
8915;9597
8920;9604
8925;9612
8930;9619
8935;9627
8940;9634
8945;9642
8950;9649
8955;9657
8960;9664
8965;9672
8970;9679
8975;9687
8980;9694
8985;9702
8990;9709
8995;9717
9000;9724
9005;9732
9010;9739
9015;9747
9020;9754
9025;9762
9030;9769
9035;9776
9040;9784
9045;9792
9050;9800
9055;9808
9060;9815
9065;9823
9070;9830
9075;9838
9080;9845
9085;9853
9090;9860
9095;9868
9100;9875
9105;9883
9110;9890
9115;9898
9120;9905
9125;9913
9130;9920
9135;9928
9140;9935
9145;9943
9150;9950
9155;9958
9160;9965
9165;9973
9170;9980
9175;9988
9180;9995
9185;10003
9190;10010
9195;10018
9200;10025
9205;10033
9210;10040
9215;10048
9220;10055
9225;10063
9230;10070
9235;10077
9240;10085
9245;10093
9250;10101
9255;10109
9260;10116
9265;10124
9270;10131
9275;10139
9280;10146
9285;10154
9290;10161
9295;10169
9300;10176
9305;10184
9310;10191
9315;10199
9320;10206
9325;10214
9330;10221
9335;10229
9340;10236
9345;10244
9350;10251
9355;10259
9360;10266
9365;10274
9370;10281
9375;10289
9380;10296
9385;10304
9390;10311
9395;10319
9400;10326
9405;10334
9410;10341
9415;10349
9420;10356
9425;10364
9430;10371
9435;10378
9440;10386
9445;10394
9450;10402
9455;10410
9460;10417
9465;10425
9470;10432
9475;10440
9480;10447
9485;10455
9490;10462
9495;10470
9500;10477
9505;10485
9510;10492
9515;10500
9520;10507
9525;10515
9530;10522
9535;10530
9540;10537
9545;10545
9550;10552
9555;10560
9560;10567
9565;10575
9570;10582
9575;10590
9580;10597
9585;10605
9590;10612
9595;10620
9600;10627
9605;10635
9610;10642
9615;10650
9620;10657
9625;10665
9630;10672
9635;10679
9640;10687
9645;10695
9650;10703
9655;10711
9660;10718
9665;10726
9670;10733
9675;10741
9680;10748
9685;10756
9690;10763
9695;10771
9700;10778
9705;10786
9710;10793
9715;10801
9720;10808
9725;10816
9730;10823
9735;10831
9740;10838
9745;10846
9750;10853
9755;10861
9760;10868
9765;10876
9770;10883
9775;10891
9780;10898
9785;10906
9790;10913
9795;10921
9800;10928
9805;10936
9810;10943
9815;10951
9820;10958
9825;10966
9830;10973
9835;10980
9840;10988
9845;10996
9850;11004
9855;11012
9860;11019
9865;11027
9870;11034
9875;11042
9880;11049
9885;11057
9890;11064
9895;11072
9900;11079
9905;11087
9910;11094
9915;11102
9920;11109
9925;11117
9930;11124
9935;11132
9940;11139
9945;11147
9950;11154
9955;11162
9960;11169
9965;11177
9970;11184
9975;11192
9980;11199
9985;11207
9990;11214
9995;11222
10000;11229
10005;11237
10010;11244
10015;11252
10020;11259
10025;11267
10030;11274
10035;11281
10040;11289
10045;11297
10050;11305
10055;11313
10060;11320
10065;11328
10070;11335
10075;11343
10080;11350
10085;11358
10090;11365
10095;11373
10100;11380
10105;11388
10110;11395
10115;11403
10120;11410
10125;11418
10130;11425
10135;11433
10140;11440
10145;11448
10150;11455
10155;11463
10160;11470
10165;11478
10170;11485
10175;11493
10180;11500
10185;11508
10190;11515
10195;11523
10200;11530
10205;11538
10210;11545
10215;11553
10220;11560
10225;11568
10230;11575
10235;11582
10240;11590
10245;11598
10250;11606
10255;11614
10260;11621
10265;11629
10270;11636
10275;11644
10280;11651
10285;11659
10290;11666
10295;11674
10300;11681
10305;11689
10310;11696
10315;11704
10320;11711
10325;11719
10330;11726
10335;11733
10340;11741
10345;11749
10350;11757
10355;11765
10360;11772
10365;11780
10370;11787
10375;11795
10380;11802
10385;11810
10390;11817
10395;11825
10400;11832
10405;11839
10410;11847
10415;11855
10420;11863
10425;11871
10430;11878
10435;11885
10440;11893
10445;11901
10450;11909
10455;11917
10460;11924
10465;11932
10470;11939
10475;11946
10480;11954
10485;11962
10490;11970
10495;11978
10500;11985
10505;11992
10510;12000
10515;12008
10520;12016
10525;12024
10530;12031
10535;12038
10540;12046
10545;12054
10550;12062
10555;12070
10560;12077
10565;12085
10570;12092
10575;12099
10580;12107
10585;12115
10590;12123
10595;12131
10600;12138
10605;12145
10610;12153
10615;12161
10620;12169
10625;12177
10630;12184
10635;12192
10640;12200
10645;12208
10650;12215
10655;12222
10660;12230
10665;12238
10670;12246
10675;12254
10680;12261
10685;12269
10690;12277
10695;12285
10700;12292
10705;12299
10710;12307
10715;12315
10720;12323
10725;12331
10730;12338
10735;12345
10740;12353
10745;12361
10750;12369
10755;12377
10760;12384
10765;12392
10770;12399
10775;12406
10780;12414
10785;12422
10790;12430
10795;12438
10800;12445
10805;12452
10810;12460
10815;12468
10820;12476
10825;12484
10830;12491
10835;12499
10840;12507
10845;12515
10850;12522
10855;12529
10860;12537
10865;12545
10870;12553
10875;12561
10880;12568
10885;12576
10890;12584
10895;12592
10900;12599
10905;12606
10910;12614
10915;12622
10920;12630
10925;12638
10930;12645
10935;12652
10940;12660
10945;12668
10950;12676
10955;12684
10960;12691
10965;12699
10970;12706
10975;12713
10980;12721
10985;12729
10990;12737
10995;12745
11000;12752
11005;12759
11010;12767
11015;12775
11020;12783
11025;12791
11030;12798
11035;12805
11040;12813
11045;12821
11050;12829
11055;12837
11060;12844
11065;12852
11070;12859
11075;12866
11080;12874
11085;12882
11090;12890
11095;12898
11100;12905
11105;12912
11110;12920
11115;12928
11120;12936
11125;12944
11130;12951
11135;12959
11140;12967
11145;12975
11150;12982
11155;12989
11160;12997
11165;13005
11170;13013
11175;13021
11180;13028
11185;13036
11190;13044
11195;13052
11200;13059
11205;13066
11210;13074
11215;13082
11220;13090
11225;13098
11230;13105
11235;13112
11240;13120
11245;13128
11250;13136
11255;13144
11260;13151
11265;13159
11270;13166
11275;13173
11280;13181
11285;13189
11290;13197
11295;13205
11300;13212
11305;13219
11310;13227
11315;13235
11320;13243
11325;13251
11330;13258
11335;13265
11340;13273
11345;13281
11350;13289
11355;13297
11360;13304
11365;13312
11370;13319
11375;13326
11380;13334
11385;13342
11390;13350
11395;13358
11400;13365
11405;13373
11410;13381
11415;13389
11420;13396
11425;13404
11430;13412
11435;13420
11440;13427
11445;13435
11450;13443
11455;13451
11460;13459
11465;13467
11470;13474
11475;13482
11480;13490
11485;13498
11490;13505
11495;13513
11500;13521
11505;13529
11510;13537
11515;13545
11520;13552
11525;13560
11530;13568
11535;13576
11540;13584
11545;13592
11550;13600
11555;13608
11560;13615
11565;13623
11570;13631
11575;13639
11580;13647
11585;13655
11590;13662
11595;13670
11600;13678
11605;13686
11610;13694
11615;13702
11620;13709
11625;13717
11630;13725
11635;13733
11640;13740
11645;13748
11650;13756
11655;13764
11660;13772
11665;13780
11670;13787
11675;13795
11680;13803
11685;13811
11690;13818
11695;13826
11700;13834
11705;13842
11710;13850
11715;13858
11720;13865
11725;13873
11730;13881
11735;13889
11740;13896
11745;13904
11750;13912
11755;13920
11760;13928
11765;13936
11770;13943
11775;13951
11780;13959
11785;13967
11790;13974
11795;13982
11800;13990
11805;13998
11810;14006
11815;14014
11820;14021
11825;14029
11830;14037
11835;14045
11840;14053
11845;14061
11850;14069
11855;14077
11860;14084
11865;14092
11870;14100
11875;14108
11880;14116
11885;14124
11890;14131
11895;14139
11900;14147
11905;14155
11910;14163
11915;14171
11920;14178
11925;14186
11930;14194
11935;14202
11940;14209
11945;14217
11950;14225
11955;14233
11960;14241
11965;14249
11970;14256
11975;14264
11980;14272
11985;14280
11990;14287
11995;14295
12000;14303
12005;14311
12010;14319
12015;14327
12020;14334
12025;14342
12030;14350
12035;14358
12040;14366
12045;14374
12050;14382
12055;14390
12060;14397
12065;14405
12070;14413
12075;14421
12080;14429
12085;14437
12090;14444
12095;14452
12100;14460
12105;14468
12110;14476
12115;14484
12120;14491
12125;14499
12130;14507
12135;14515
12140;14522
12145;14530
12150;14538
12155;14546
12160;14554
12165;14562
12170;14569
12175;14577
12180;14585
12185;14593
12190;14600
12195;14608
12200;14616
12205;14624
12210;14632
12215;14640
12220;14647
12225;14655
12230;14663
12235;14671
12240;14678
12245;14686
12250;14694
12255;14702
12260;14710
12265;14718
12270;14725
12275;14733
12280;14741
12285;14749
12290;14756
12295;14764
12300;14772
12305;14780
12310;14788
12315;14796
12320;14803
12325;14811
12330;14819
12335;14827
12340;14835
12345;14843
12350;14851
12355;14859
12360;14866
12365;14874
12370;14882
12375;14890
12380;14898
12385;14906
12390;14913
12395;14921
12400;14929
12405;14937
12410;14945
12415;14953
12420;14961
12425;14969
12430;14976
12435;14984
12440;14992
12445;15000
12450;15008
12455;15016
12460;15024
12465;15032
12470;15040
12475;15048
12480;15055
12485;15063
12490;15071
12495;15079
12500;15087
12505;15095
12510;15103
12515;15111
12520;15119
12525;15127
12530;15135
12535;15143
12540;15151
12545;15159
12550;15167
12555;15175
12560;15183
12565;15191
12570;15199
12575;15207
12580;15215
12585;15223
12590;15231
12595;15239
12600;15247
12605;15255
12610;15263
12615;15271
12620;15279
12625;15287
12630;15295
12635;15303
12640;15311
12645;15319
12650;15327
12655;15335
12660;15342
12665;15350
12670;15358
12675;15366
12680;15374
12685;15382
12690;15390
12695;15398
12700;15406
12705;15414
12710;15422
12715;15430
12720;15438
12725;15446
12730;15454
12735;15462
12740;15470
12745;15478
12750;15486
12755;15494
12760;15502
12765;15510
12770;15518
12775;15526
12780;15534
12785;15542
12790;15550
12795;15558
12800;15566
12805;15574
12810;15582
12815;15590
12820;15598
12825;15606
12830;15614
12835;15622
12840;15630
12845;15638
12850;15646
12855;15654
12860;15661
12865;15669
12870;15677
12875;15685
12880;15693
12885;15701
12890;15709
12895;15717
12900;15725
12905;15733
12910;15741
12915;15749
12920;15757
12925;15765
12930;15772
12935;15780
12940;15788
12945;15796
12950;15804
12955;15812
12960;15820
12965;15828
12970;15836
12975;15844
12980;15851
12985;15859
12990;15867
12995;15875
13000;15883
13005;15891
13010;15899
13015;15907
13020;15914
13025;15922
13030;15930
13035;15938
13040;15945
13045;15953
13050;15961
13055;15969
13060;15977
13065;15985
13070;15992
13075;16000
13080;16008
13085;16016
13090;16023
13095;16031
13100;16039
13105;16047
13110;16055
13115;16063
13120;16070
13125;16078
13130;16086
13135;16094
13140;16102
13145;16110
13150;16118
13155;16126
13160;16133
13165;16141
13170;16149
13175;16157
13180;16165
13185;16173
13190;16180
13195;16188
13200;16196
13205;16204
13210;16212
13215;16220
13220;16227
13225;16235
13230;16243
13235;16251
13240;16258
13245;16266
13250;16274
13255;16282
13260;16290
13265;16298
13270;16305
13275;16313
13280;16321
13285;16329
13290;16336
13295;16344
13300;16352
13305;16360
13310;16368
13315;16376
13320;16383
13325;16391
13330;16399
13335;16407
13340;16414
13345;16422
13350;16430
13355;16438
13360;16446
13365;16454
13370;16461
13375;16469
13380;16477
13385;16485
13390;16492
13395;16500
13400;16508
13405;16516
13410;16524
13415;16532
13420;16539
13425;16547
13430;16555
13435;16563
13440;16570
13445;16578
13450;16586
13455;16594
13460;16601
13465;16609
13470;16617
13475;16625
13480;16632
13485;16640
13490;16648
13495;16656
13500;16663
13505;16670
13510;16678
13515;16686
13520;16694
13525;16702
13530;16709
13535;16717
13540;16725
13545;16733
13550;16740
13555;16747
13560;16755
13565;16763
13570;16771
13575;16779
13580;16786
13585;16794
13590;16802
13595;16810
13600;16817
13605;16824
13610;16832
13615;16840
13620;16848
13625;16856
13630;16863
13635;16870
13640;16878
13645;16886
13650;16894
13655;16902
13660;16909
13665;16917
13670;16924
13675;16931
13680;16939
13685;16947
13690;16955
13695;16963
13700;16970
13705;16977
13710;16985
13715;16993
13720;17001
13725;17009
13730;17016
13735;17023
13740;17031
13745;17039
13750;17047
13755;17055
13760;17062
13765;17070
13770;17077
13775;17084
13780;17092
13785;17100
13790;17108
13795;17116
13800;17123
13805;17130
13810;17138
13815;17146
13820;17154
13825;17162
13830;17169
13835;17177
13840;17185
13845;17193
13850;17200
13855;17207
13860;17215
13865;17223
13870;17231
13875;17239
13880;17246
13885;17254
13890;17262
13895;17270
13900;17277
13905;17284
13910;17292
13915;17300
13920;17308
13925;17316
13930;17323
13935;17330
13940;17338
13945;17346
13950;17354
13955;17362
13960;17369
13965;17377
13970;17384
13975;17391
13980;17399
13985;17407
13990;17415
13995;17423
14000;17430
14005;17437
14010;17445
14015;17453
14020;17461
14025;17469
14030;17476
14035;17484
14040;17492
14045;17500
14050;17507
14055;17514
14060;17522
14065;17530
14070;17538
14075;17546
14080;17553
14085;17561
14090;17569
14095;17577
14100;17584
14105;17591
14110;17599
14115;17607
14120;17615
14125;17623
14130;17630
14135;17637
14140;17645
14145;17653
14150;17661
14155;17669
14160;17676
14165;17684
14170;17691
14175;17698
14180;17706
14185;17714
14190;17722
14195;17730
14200;17737
14205;17744
14210;17752
14215;17760
14220;17768
14225;17776
14230;17783
14235;17790
14240;17798
14245;17806
14250;17814
14255;17822
14260;17829
14265;17837
14270;17844
14275;17851
14280;17859
14285;17867
14290;17875
14295;17883
14300;17890
14305;17897
14310;17905
14315;17913
14320;17921
14325;17929
14330;17936
14335;17944
14340;17952
14345;17960
14350;17967
14355;17974
14360;17982
14365;17990
14370;17998
14375;18006
14380;18013
14385;18021
14390;18029
14395;18037
14400;18044
14405;18051
14410;18059
14415;18067
14420;18075
14425;18083
14430;18090
14435;18097
14440;18105
14445;18113
14450;18121
14455;18129
14460;18136
14465;18144
14470;18151
14475;18158
14480;18166
14485;18174
14490;18182
14495;18190
14500;18197
14505;18205
14510;18212
14515;18220
14520;18227
14525;18235
14530;18242
14535;18250
14540;18257
14545;18265
14550;18272
14555;18280
14560;18287
14565;18295
14570;18302
14575;18310
14580;18317
14585;18325
14590;18332
14595;18340
14600;18347
14605;18355
14610;18362
14615;18370
14620;18377
14625;18385
14630;18392
14635;18399
14640;18407
14645;18415
14650;18423
14655;18431
14660;18438
14665;18446
14670;18453
14675;18461
14680;18468
14685;18476
14690;18483
14695;18491
14700;18498
14705;18506
14710;18513
14715;18521
14720;18528
14725;18536
14730;18543
14735;18551
14740;18558
14745;18566
14750;18573
14755;18581
14760;18588
14765;18596
14770;18603
14775;18611
14780;18618
14785;18626
14790;18633
14795;18641
14800;18648
14805;18656
14810;18663
14815;18671
14820;18678
14825;18686
14830;18693
14835;18700
14840;18708
14845;18716
14850;18724
14855;18732
14860;18739
14865;18747
14870;18754
14875;18762
14880;18769
14885;18777
14890;18784
14895;18792
14900;18799
14905;18807
14910;18814
14915;18822
14920;18829
14925;18837
14930;18844
14935;18852
14940;18859
14945;18867
14950;18874
14955;18882
14960;18889
14965;18897
14970;18904
14975;18912
14980;18919
14985;18927
14990;18934
14995;18942
15000;18949
15005;18957
15010;18964
15015;18972
15020;18979
15025;18987
15030;18994
15035;19001
15040;19009
15045;19017
15050;19025
15055;19033
15060;19040
15065;19048
15070;19055
15075;19063
15080;19070
15085;19078
15090;19085
15095;19093
15100;19100
15105;19108
15110;19115
15115;19123
15120;19130
15125;19138
15130;19145
15135;19153
15140;19160
15145;19168
15150;19175
15155;19183
15160;19190
15165;19198
15170;19205
15175;19213
15180;19220
15185;19228
15190;19235
15195;19243
15200;19250
15205;19258
15210;19265
15215;19273
15220;19280
15225;19288
15230;19295
15235;19302
15240;19310
15245;19318
15250;19326
15255;19334
15260;19341
15265;19349
15270;19356
15275;19364
15280;19371
15285;19379
15290;19386
15295;19394
15300;19401
15305;19409
15310;19416
15315;19424
15320;19431
15325;19439
15330;19446
15335;19454
15340;19461
15345;19469
15350;19476
15355;19484
15360;19491
15365;19499
15370;19506
15375;19514
15380;19521
15385;19529
15390;19536
15395;19544
15400;19551
15405;19559
15410;19566
15415;19574
15420;19581
15425;19589
15430;19596
15435;19603
15440;19611
15445;19619
15450;19627
15455;19635
15460;19642
15465;19650
15470;19657
15475;19665
15480;19672
15485;19680
15490;19687
15495;19695
15500;19702
15505;19710
15510;19717
15515;19725
15520;19732
15525;19740
15530;19747
15535;19755
15540;19762
15545;19770
15550;19777
15555;19784
15560;19791
15565;19798
15570;19806
15575;19814
15580;19821
15585;19829
15590;19836
15595;19844
15600;19851
15605;19859
15610;19866
15615;19873
15620;19880
15625;19887
15630;19895
15635;19903
15640;19910
15645;19918
15650;19925
15655;19932
15660;19939
15665;19946
15670;19954
15675;19962
15680;19969
15685;19976
15690;19983
15695;19990
15700;19998
15705;20006
15710;20013
15715;20021
15720;20028
15725;20035
15730;20042
15735;20049
15740;20057
15745;20065
15750;20072
15755;20080
15760;20087
15765;20095
15770;20102
15775;20109
15780;20116
15785;20123
15790;20131
15795;20139
15800;20146
15805;20154
15810;20161
15815;20169
15820;20176
15825;20183
15830;20190
15835;20197
15840;20205
15845;20213
15850;20220
15855;20228
15860;20235
15865;20243
15870;20250
15875;20257
15880;20264
15885;20271
15890;20279
15895;20287
15900;20294
15905;20302
15910;20309
15915;20317
15920;20324
15925;20331
15930;20338
15935;20345
15940;20353
15945;20361
15950;20368
15955;20376
15960;20383
15965;20391
15970;20398
15975;20405
15980;20412
15985;20419
15990;20427
15995;20435
16000;20442
16005;20450
16010;20457
16015;20464
16020;20471
16025;20478
16030;20486
16035;20494
16040;20501
16045;20509
16050;20516
16055;20523
16060;20530
16065;20537
16070;20545
16075;20553
16080;20560
16085;20567
16090;20574
16095;20581
16100;20589
16105;20597
16110;20604
16115;20611
16120;20618
16125;20626
16130;20633
16135;20640
16140;20647
16145;20655
16150;20662
16155;20669
16160;20676
16165;20684
16170;20691
16175;20698
16180;20705
16185;20713
16190;20720
16195;20727
16200;20734
16205;20742
16210;20749
16215;20756
16220;20763
16225;20771
16230;20778
16235;20785
16240;20792
16245;20800
16250;20807
16255;20814
16260;20821
16265;20829
16270;20836
16275;20843
16280;20850
16285;20858
16290;20865
16295;20872
16300;20879
16305;20887
16310;20894
16315;20901
16320;20908
16325;20916
16330;20923
16335;20930
16340;20937
16345;20945
16350;20952
16355;20959
16360;20966
16365;20974
16370;20981
16375;20988
16380;20995
16385;21003
16390;21010
16395;21017
16400;21024
16405;21032
16410;21039
16415;21046
16420;21053
16425;21061
16430;21068
16435;21075
16440;21082
16445;21090
16450;21097
16455;21104
16460;21111
16465;21119
16470;21126
16475;21133
16480;21140
16485;21148
16490;21155
16495;21162
16500;21169
16505;21177
16510;21184
16515;21191
16520;21198
16525;21206
16530;21213
16535;21220
16540;21227
16545;21235
16550;21242
16555;21249
16560;21256
16565;21264
16570;21271
16575;21278
16580;21285
16585;21293
16590;21300
16595;21307
16600;21314
16605;21322
16610;21329
16615;21336
16620;21343
16625;21351
16630;21358
16635;21365
16640;21372
16645;21380
16650;21387
16655;21394
16660;21401
16665;21409
16670;21416
16675;21423
16680;21430
16685;21438
16690;21445
16695;21452
16700;21459
16705;21467
16710;21474
16715;21481
16720;21488
16725;21496
16730;21503
16735;21510
16740;21517
16745;21525
16750;21532
16755;21539
16760;21546
16765;21554
16770;21561
16775;21568
16780;21575
16785;21583
16790;21590
16795;21597
16800;21604
16805;21612
16810;21619
16815;21626
16820;21633
16825;21641
16830;21648
16835;21655
16840;21662
16845;21670
16850;21677
16855;21684
16860;21691
16865;21699
16870;21706
16875;21713
16880;21720
16885;21728
16890;21735
16895;21742
16900;21749
16905;21757
16910;21764
16915;21771
16920;21778
16925;21786
16930;21793
16935;21800
16940;21807
16945;21815
16950;21822
16955;21829
16960;21836
16965;21844
16970;21851
16975;21858
16980;21865
16985;21873
16990;21880
16995;21887
17000;21894
17005;21902
17010;21909
17015;21916
17020;21923
17025;21931
17030;21938
17035;21945
17040;21952
17045;21960
17050;21967
17055;21974
17060;21981
17065;21989
17070;21996
17075;22003
17080;22010
17085;22018
17090;22025
17095;22032
17100;22039
17105;22047
17110;22054
17115;22061
17120;22068
17125;22076
17130;22083
17135;22090
17140;22097
17145;22105
17150;22112
17155;22119
17160;22126
17165;22134
17170;22141
17175;22148
17180;22155
17185;22163
17190;22170
17195;22177
17200;22184
17205;22191
17210;22198
17215;22205
17220;22212
17225;22220
17230;22227
17235;22234
17240;22241
17245;22248
17250;22255
17255;22262
17260;22269
17265;22276
17270;22283
17275;22291
17280;22298
17285;22305
17290;22312
17295;22319
17300;22326
17305;22333
17310;22340
17315;22348
17320;22355
17325;22362
17330;22369
17335;22376
17340;22383
17345;22391
17350;22398
17355;22405
17360;22412
17365;22419
17370;22426
17375;22433
17380;22440
17385;22448
17390;22455
17395;22462
17400;22469
17405;22476
17410;22483
17415;22490
17420;22497
17425;22505
17430;22512
17435;22519
17440;22526
17445;22533
17450;22540
17455;22547
17460;22554
17465;22561
17470;22568
17475;22576
17480;22583
17485;22590
17490;22597
17495;22604
17500;22611
17505;22618
17510;22625
17515;22633
17520;22640
17525;22647
17530;22654
17535;22661
17540;22668
17545;22676
17550;22683
17555;22690
17560;22697
17565;22704
17570;22711
17575;22718
17580;22725
17585;22733
17590;22740
17595;22747
17600;22754
17605;22761
17610;22768
17615;22775
17620;22782
17625;22790
17630;22797
17635;22804
17640;22811
17645;22818
17650;22825
17655;22832
17660;22839
17665;22846
17670;22853
17675;22861
17680;22868
17685;22875
17690;22882
17695;22889
17700;22896
17705;22903
17710;22910
17715;22918
17720;22925
17725;22932
17730;22939
17735;22946
17740;22953
17745;22961
17750;22968
17755;22975
17760;22982
17765;22989
17770;22996
17775;23003
17780;23010
17785;23018
17790;23025
17795;23032
17800;23039
17805;23046
17810;23053
17815;23060
17820;23067
17825;23075
17830;23082
17835;23089
17840;23096
17845;23103
17850;23110
17855;23117
17860;23124
17865;23131
17870;23138
17875;23146
17880;23153
17885;23160
17890;23167
17895;23174
17900;23181
17905;23188
17910;23195
17915;23202
17920;23209
17925;23217
17930;23224
17935;23231
17940;23238
17945;23245
17950;23252
17955;23259
17960;23266
17965;23273
17970;23280
17975;23288
17980;23295
17985;23302
17990;23309
17995;23316
18000;23323
18005;23330
18010;23337
18015;23344
18020;23351
18025;23358
18030;23365
18035;23372
18040;23379
18045;23386
18050;23393
18055;23400
18060;23406
18065;23413
18070;23420
18075;23427
18080;23434
18085;23441
18090;23448
18095;23455
18100;23462
18105;23469
18110;23476
18115;23483
18120;23490
18125;23497
18130;23503
18135;23510
18140;23517
18145;23524
18150;23531
18155;23538
18160;23545
18165;23552
18170;23559
18175;23566
18180;23572
18185;23579
18190;23586
18195;23593
18200;23600
18205;23607
18210;23614
18215;23621
18220;23627
18225;23634
18230;23641
18235;23648
18240;23655
18245;23662
18250;23669
18255;23676
18260;23682
18265;23689
18270;23696
18275;23703
18280;23710
18285;23717
18290;23723
18295;23730
18300;23737
18305;23744
18310;23750
18315;23757
18320;23764
18325;23771
18330;23777
18335;23784
18340;23791
18345;23798
18350;23804
18355;23810
18360;23817
18365;23824
18370;23831
18375;23838
18380;23844
18385;23851
18390;23858
18395;23865
18400;23871
18405;23877
18410;23884
18415;23891
18420;23898
18425;23905
18430;23911
18435;23917
18440;23924
18445;23931
18450;23938
18455;23945
18460;23951
18465;23958
18470;23964
18475;23970
18480;23977
18485;23984
18490;23991
18495;23998
18500;24004
18505;24010
18510;24017
18515;24024
18520;24031
18525;24038
18530;24044
18535;24050
18540;24057
18545;24064
18550;24071
18555;24078
18560;24084
18565;24091
18570;24097
18575;24103
18580;24110
18585;24117
18590;24124
18595;24131
18600;24137
18605;24144
18610;24150
18615;24157
18620;24163
18625;24170
18630;24176
18635;24183
18640;24189
18645;24196
18650;24202
18655;24209
18660;24215
18665;24222
18670;24228
18675;24235
18680;24241
18685;24248
18690;24254
18695;24261
18700;24267
18705;24274
18710;24280
18715;24287
18720;24293
18725;24299
18730;24305
18735;24311
18740;24318
18745;24325
18750;24331
18755;24338
18760;24344
18765;24351
18770;24357
18775;24363
18780;24369
18785;24375
18790;24382
18795;24389
18800;24395
18805;24402
18810;24408
18815;24415
18820;24421
18825;24428
18830;24434
18835;24441
18840;24447
18845;24454
18850;24460
18855;24466
18860;24472
18865;24478
18870;24485
18875;24492
18880;24498
18885;24505
18890;24511
18895;24518
18900;24524
18905;24531
18910;24537
18915;24544
18920;24550
18925;24557
18930;24563
18935;24570
18940;24576
18945;24583
18950;24589
18955;24595
18960;24601
18965;24607
18970;24614
18975;24621
18980;24627
18985;24634
18990;24640
18995;24647
19000;24653
19005;24660
19010;24666
19015;24673
19020;24679
19025;24685
19030;24691
19035;24697
19040;24704
19045;24711
19050;24717
19055;24724
19060;24730
19065;24737
19070;24743
19075;24749
19080;24755
19085;24761
19090;24768
19095;24775
19100;24781
19105;24788
19110;24794
19115;24801
19120;24807
19125;24814
19130;24820
19135;24827
19140;24833
19145;24840
19150;24846
19155;24852
19160;24858
19165;24864
19170;24871
19175;24878
19180;24884
19185;24891
19190;24897
19195;24904
19200;24910
19205;24917
19210;24923
19215;24929
19220;24935
19225;24942
19230;24948
19235;24954
19240;24960
19245;24966
19250;24973
19255;24980
19260;24986
19265;24992
19270;24998
19275;25005
19280;25011
19285;25017
19290;25023
19295;25029
19300;25036
19305;25043
19310;25049
19315;25055
19320;25061
19325;25068
19330;25074
19335;25080
19340;25086
19345;25093
19350;25099
19355;25105
19360;25111
19365;25118
19370;25124
19375;25130
19380;25136
19385;25143
19390;25149
19395;25155
19400;25161
19405;25167
19410;25173
19415;25180
19420;25186
19425;25192
19430;25198
19435;25205
19440;25211
19445;25217
19450;25223
19455;25229
19460;25235
19465;25242
19470;25248
19475;25254
19480;25260
19485;25267
19490;25273
19495;25279
19500;25285
19505;25291
19510;25297
19515;25303
19520;25309
19525;25316
19530;25322
19535;25328
19540;25334
19545;25340
19550;25346
19555;25352
19560;25358
19565;25364
19570;25370
19575;25377
19580;25383
19585;25389
19590;25395
19595;25401
19600;25407
19605;25413
19610;25419
19615;25425
19620;25430
19625;25436
19630;25442
19635;25448
19640;25454
19645;25460
19650;25466
19655;25472
19660;25477
19665;25483
19670;25489
19675;25495
19680;25501
19685;25507
19690;25512
19695;25518
19700;25524
19705;25530
19710;25536
19715;25542
19720;25548
19725;25554
19730;25559
19735;25565
19740;25571
19745;25577
19750;25583
19755;25589
19760;25595
19765;25601
19770;25607
19775;25613
19780;25618
19785;25624
19790;25630
19795;25636
19800;25642
19805;25648
19810;25654
19815;25660
19820;25665
19825;25671
19830;25677
19835;25683
19840;25689
19845;25695
19850;25701
19855;25707
19860;25712
19865;25718
19870;25724
19875;25730
19880;25736
19885;25742
19890;25747
19895;25753
19900;25759
19905;25765
19910;25771
19915;25777
19920;25782
19925;25788
19930;25794
19935;25800
19940;25806
19945;25812
19950;25818
19955;25824
19960;25829
19965;25835
19970;25841
19975;25847
19980;25853
19985;25859
19990;25864
19995;25870
20000;25876
20005;25882
20010;25888
20015;25894
20020;25899
20025;25905
20030;25911
20035;25917
20040;25923
20045;25929
20050;25935
20055;25941
20060;25946
20065;25952
20070;25958
20075;25964
20080;25970
20085;25976
20090;25981
20095;25987
20100;25993
20105;25999
20110;26005
20115;26011
20120;26017
20125;26023
20130;26028
20135;26034
20140;26040
20145;26046
20150;26052
20155;26058
20160;26064
20165;26070
20170;26076
20175;26082
20180;26087
20185;26093
20190;26099
20195;26105
20200;26111
20205;26117
20210;26123
20215;26129
20220;26134
20225;26140
20230;26146
20235;26152
20240;26157
20245;26163
20250;26169
20255;26175
20260;26180
20265;26186
20270;26192
20275;26198
20280;26203
20285;26209
20290;26215
20295;26221
20300;26226
20305;26231
20310;26237
20315;26243
20320;26249
20325;26255
20330;26260
20335;26266
20340;26272
20345;26278
20350;26283
20355;26288
20360;26294
20365;26300
20370;26306
20375;26312
20380;26317
20385;26323
20390;26329
20395;26335
20400;26340
20405;26345
20410;26351
20415;26357
20420;26363
20425;26369
20430;26374
20435;26380
20440;26386
20445;26392
20450;26397
20455;26402
20460;26408
20465;26414
20470;26420
20475;26426
20480;26431
20485;26437
20490;26443
20495;26449
20500;26454
20505;26459
20510;26465
20515;26471
20520;26477
20525;26483
20530;26488
20535;26494
20540;26500
20545;26506
20550;26511
20555;26516
20560;26522
20565;26528
20570;26534
20575;26540
20580;26545
20585;26551
20590;26557
20595;26563
20600;26568
20605;26574
20610;26579
20615;26585
20620;26590
20625;26596
20630;26601
20635;26607
20640;26612
20645;26618
20650;26623
20655;26629
20660;26634
20665;26640
20670;26645
20675;26651
20680;26656
20685;26662
20690;26667
20695;26673
20700;26678
20705;26684
20710;26689
20715;26695
20720;26700
20725;26706
20730;26711
20735;26717
20740;26722
20745;26728
20750;26733
20755;26738
20760;26743
20765;26748
20770;26754
20775;26760
20780;26765
20785;26771
20790;26776
20795;26782
20800;26787
20805;26793
20810;26798
20815;26803
20820;26808
20825;26814
20830;26819
20835;26824
20840;26829
20845;26835
20850;26840
20855;26845
20860;26850
20865;26856
20870;26861
20875;26866
20880;26871
20885;26877
20890;26882
20895;26887
20900;26892
20905;26898
20910;26903
20915;26908
20920;26913
20925;26919
20930;26924
20935;26929
20940;26934
20945;26940
20950;26945
20955;26950
20960;26955
20965;26961
20970;26966
20975;26971
20980;26976
20985;26982
20990;26987
20995;26992
21000;26997
21005;27003
21010;27008
21015;27013
21020;27018
21025;27024
21030;27029
21035;27034
21040;27039
21045;27045
21050;27050
21055;27055
21060;27060
21065;27066
21070;27071
21075;27076
21080;27081
21085;27087
21090;27092
21095;27097
21100;27102
21105;27108
21110;27113
21115;27118
21120;27123
21125;27129
21130;27134
21135;27139
21140;27144
21145;27150
21150;27155
21155;27160
21160;27165
21165;27171
21170;27176
21175;27181
21180;27186
21185;27192
21190;27197
21195;27202
21200;27207
21205;27213
21210;27218
21215;27223
21220;27228
21225;27234
21230;27239
21235;27244
21240;27249
21245;27255
21250;27260
21255;27265
21260;27270
21265;27276
21270;27281
21275;27286
21280;27291
21285;27297
21290;27302
21295;27307
21300;27312
21305;27318
21310;27323
21315;27328
21320;27333
21325;27339
21330;27344
21335;27349
21340;27354
21345;27360
21350;27365
21355;27370
21360;27375
21365;27381
21370;27386
21375;27391
21380;27396
21385;27402
21390;27407
21395;27412
21400;27417
21405;27423
21410;27428
21415;27433
21420;27438
21425;27444
21430;27449
21435;27454
21440;27459
21445;27465
21450;27470
21455;27475
21460;27480
21465;27486
21470;27491
21475;27496
21480;27501
21485;27507
21490;27512
21495;27517
21500;27522
21505;27527
21510;27532
21515;27537
21520;27542
21525;27547
21530;27552
21535;27557
21540;27562
21545;27568
21550;27573
21555;27578
21560;27583
21565;27588
21570;27593
21575;27598
21580;27603
21585;27608
21590;27613
21595;27618
21600;27623
21605;27628
21610;27633
21615;27638
21620;27643
21625;27648
21630;27653
21635;27658
21640;27663
21645;27668
21650;27673
21655;27678
21660;27683
21665;27688
21670;27693
21675;27698
21680;27703
21685;27708
21690;27713
21695;27718
21700;27723
21705;27728
21710;27733
21715;27738
21720;27743
21725;27748
21730;27753
21735;27758
21740;27763
21745;27768
21750;27773
21755;27778
21760;27783
21765;27788
21770;27793
21775;27798
21780;27803
21785;27808
21790;27813
21795;27818
21800;27823
21805;27828
21810;27833
21815;27838
21820;27843
21825;27848
21830;27853
21835;27858
21840;27863
21845;27868
21850;27873
21855;27878
21860;27882
21865;27887
21870;27892
21875;27897
21880;27902
21885;27907
21890;27912
21895;27917
21900;27922
21905;27927
21910;27932
21915;27937
21920;27942
21925;27947
21930;27952
21935;27957
21940;27962
21945;27967
21950;27972
21955;27977
21960;27982
21965;27987
21970;27992
21975;27997
21980;28002
21985;28007
21990;28012
21995;28017
22000;28022
22005;28027
22010;28032
22015;28037
22020;28042
22025;28047
22030;28052
22035;28057
22040;28062
22045;28067
22050;28072
22055;28077
22060;28082
22065;28087
22070;28092
22075;28097
22080;28102
22085;28107
22090;28112
22095;28117
22100;28122
22105;28127
22110;28132
22115;28137
22120;28141
22125;28146
22130;28151
22135;28156
22140;28160
22145;28165
22150;28170
22155;28175
22160;28180
22165;28185
22170;28189
22175;28194
22180;28199
22185;28204
22190;28208
22195;28213
22200;28218
22205;28223
22210;28228
22215;28233
22220;28237
22225;28242
22230;28247
22235;28252
22240;28256
22245;28261
22250;28266
22255;28271
22260;28275
22265;28280
22270;28285
22275;28290
22280;28294
22285;28299
22290;28304
22295;28309
22300;28313
22305;28318
22310;28322
22315;28326
22320;28331
22325;28336
22330;28341
22335;28346
22340;28350
22345;28355
22350;28359
22355;28364
22360;28368
22365;28372
22370;28377
22375;28382
22380;28387
22385;28392
22390;28396
22395;28401
22400;28405
22405;28410
22410;28414
22415;28419
22420;28423
22425;28428
22430;28432
22435;28436
22440;28441
22445;28446
22450;28451
22455;28456
22460;28460
22465;28465
22470;28469
22475;28474
22480;28478
22485;28483
22490;28487
22495;28492
22500;28496
22505;28501
22510;28505
22515;28510
22520;28514
22525;28518
22530;28522
22535;28526
22540;28531
22545;28536
22550;28540
22555;28545
22560;28549
22565;28554
22570;28558
22575;28562
22580;28566
22585;28570
22590;28575
22595;28580
22600;28584
22605;28588
22610;28592
22615;28597
22620;28601
22625;28605
22630;28609
22635;28613
22640;28617
22645;28622
22650;28626
22655;28630
22660;28634
22665;28638
22670;28642
22675;28646
22680;28650
22685;28655
22690;28659
22695;28663
22700;28667
22705;28671
22710;28675
22715;28680
22720;28684
22725;28688
22730;28692
22735;28696
22740;28700
22745;28705
22750;28709
22755;28713
22760;28717
22765;28721
22770;28725
22775;28729
22780;28733
22785;28738
22790;28742
22795;28746
22800;28750
22805;28754
22810;28758
22815;28762
22820;28765
22825;28769
22830;28773
22835;28777
22840;28781
22845;28785
22850;28789
22855;28793
22860;28796
22865;28800
22870;28804
22875;28808
22880;28812
22885;28816
22890;28819
22895;28823
22900;28827
22905;28831
22910;28835
22915;28839
22920;28842
22925;28846
22930;28850
22935;28854
22940;28857
22945;28861
22950;28865
22955;28869
22960;28873
22965;28877
22970;28880
22975;28884
22980;28888
22985;28892
22990;28895
22995;28899
23000;28903
23005;28907
23010;28911
23015;28915
23020;28918
23025;28922
23030;28926
23035;28930
23040;28933
23045;28937
23050;28941
23055;28945
23060;28948
23065;28952
23070;28956
23075;28960
23080;28963
23085;28967
23090;28971
23095;28975
23100;28978
23105;28982
23110;28985
23115;28989
23120;28992
23125;28996
23130;28999
23135;29002
23140;29006
23145;29010
23150;29014
23155;29018
23160;29021
23165;29025
23170;29028
23175;29032
23180;29035
23185;29039
23190;29042
23195;29046
23200;29049
23205;29053
23210;29056
23215;29060
23220;29063
23225;29067
23230;29070
23235;29073
23240;29077
23245;29081
23250;29085
23255;29089
23260;29092
23265;29096
23270;29099
23275;29103
23280;29106
23285;29110
23290;29113
23295;29117
23300;29120
23305;29124
23310;29127
23315;29131
23320;29134
23325;29138
23330;29141
23335;29145
23340;29148
23345;29152
23350;29155
23355;29158
23360;29161
23365;29164
23370;29168
23375;29172
23380;29175
23385;29179
23390;29182
23395;29186
23400;29189
23405;29193
23410;29196
23415;29200
23420;29203
23425;29207
23430;29210
23435;29214
23440;29217
23445;29221
23450;29224
23455;29227
23460;29230
23465;29234
23470;29237
23475;29240
23480;29243
23485;29246
23490;29248
;
;
;
;
